"","Item name","Number for sale","Price of item (cents)","Price of item (conventional format)","Name of Game"
"1","Mann Co. Supply Crate Key",2501,250,"$2.50","Team Fortress 2"
"2","Tour of Duty Ticket",2298,105,"$1.05","Team Fortress 2"
"3","Bill's Hat",639,463,"$4.63","Team Fortress 2"
"4","Blue Moon Cosmetic Key",80,272,"$2.72","Team Fortress 2"
"5","Name Tag",312,97,"$0.97","Team Fortress 2"
"6","Civilian Grade Stat Clock",226,105,"$1.05","Team Fortress 2"
"7","Earbuds",295,525,"$5.25","Team Fortress 2"
"8","Infernal Reward War Paint Case",2842,23,"$0.23","Team Fortress 2"
"9","Civic Duty Mk.II War Paint (Factory New)",113,19,"$0.19","Team Fortress 2"
"10","Mann Co. Director's Cut Reel",130,108,"$1.08","Team Fortress 2"
"11","Assassin's Attire",107,63,"$0.63","Team Fortress 2"
"12","Summer Shades",645,97,"$0.97","Team Fortress 2"
"13","Genuine AWPer Hand",262,211,"$2.11","Team Fortress 2"
"14","Fancy Fedora",345,94,"$0.94","Team Fortress 2"
"15","Down Tundra Coat",196,41,"$0.41","Team Fortress 2"
"16","The Hot Case",64,98,"$0.98","Team Fortress 2"
"17","Airborne Attire",225,95,"$0.95","Team Fortress 2"
"18","Confidential Collection Case",872,30,"$0.30","Team Fortress 2"
"19","Winter 2017 War Paint Case",12625,20,"$0.20","Team Fortress 2"
"20","Blue Moon Cosmetic Case",38290,3,"$0.03","Team Fortress 2"
"21","Wipe Out Wraps",194,69,"$0.69","Team Fortress 2"
"22","Reinforced Robot Humor Suppression Pump",13947,3,"$0.03","Team Fortress 2"
"23","Battle-Worn Robot Money Furnace",2385,7,"$0.07","Team Fortress 2"
"24","Battle-Worn Robot KB-808",2756,7,"$0.07","Team Fortress 2"
"25","A Deep Commitment to Purple",163,108,"$1.08","Team Fortress 2"
"26","Mann Co. Store Package",2891,26,"$0.26","Team Fortress 2"
"27","Battle-Worn Robot Taunt Processor",2673,7,"$0.07","Team Fortress 2"
"28","Speedster's Spandex",206,24,"$0.24","Team Fortress 2"
"29","The Classy Capper",335,39,"$0.39","Team Fortress 2"
"30","Tsar Platinum",197,72,"$0.72","Team Fortress 2"
"31","Antarctic Eyewear",66,29,"$0.29","Team Fortress 2"
"32","Final Frontiersman",214,28,"$0.28","Team Fortress 2"
"33","Coldfront Commander",382,70,"$0.70","Team Fortress 2"
"34","The Caribou Companion",199,24,"$0.24","Team Fortress 2"
"35","Strange Sniper Rifle",191,70,"$0.70","Team Fortress 2"
"36","Hot Heels",97,64,"$0.64","Team Fortress 2"
"37","Quarantined Collection Case",691,52,"$0.52","Team Fortress 2"
"38","Sky High Fly Guy",193,20,"$0.20","Team Fortress 2"
"39","Haunted Voodoo-Cursed Demoman Soul",133,60,"$0.60","Team Fortress 2"
"40","Decal Tool",242,23,"$0.23","Team Fortress 2"
"41","Strange Count Transfer Tool",1265,11,"$0.11","Team Fortress 2"
"42","Strange Carbonado Botkiller Flame Thrower Mk.I",110,46,"$0.46","Team Fortress 2"
"43","Strange Silver Botkiller Flame Thrower Mk.II",110,47,"$0.47","Team Fortress 2"
"44","Packable Provisions",98,46,"$0.46","Team Fortress 2"
"45","Flakcatcher",176,29,"$0.29","Team Fortress 2"
"46","Jungle Jackpot War Paint Case",5022,7,"$0.07","Team Fortress 2"
"47","Nutcracker Flame Thrower (Field-Tested)",112,10,"$0.10","Team Fortress 2"
"48","Genuine Ham Shank",189,31,"$0.31","Team Fortress 2"
"49","Strange Pistol",125,34,"$0.34","Team Fortress 2"
"50","Vintage Ambassador",1143,11,"$0.11","Team Fortress 2"
"51","Strange Pretty Boy's Pocket Pistol",144,30,"$0.30","Team Fortress 2"
"52","Vintage Pyrovision Goggles",1042,13,"$0.13","Team Fortress 2"
"53","Enchantment: Eternaween",981,7,"$0.07","Team Fortress 2"
"54","Blast Blocker",107,30,"$0.30","Team Fortress 2"
"55","Genuine King of Scotland Cape",301,26,"$0.26","Team Fortress 2"
"56","Genuine Distinguished Rogue",1179,25,"$0.25","Team Fortress 2"
"57","Brass Bucket",197,21,"$0.21","Team Fortress 2"
"58","Polar Bear",252,21,"$0.21","Team Fortress 2"
"59","Genuine Menpo",633,25,"$0.25","Team Fortress 2"
"60","Creepy Crawly Case",1729,11,"$0.11","Team Fortress 2"
"61","Strange Stickybomb Launcher",268,24,"$0.24","Team Fortress 2"
"62","Night Owl Sniper Rifle (Minimal Wear)",79,23,"$0.23","Team Fortress 2"
"63","Civic Duty Mk.II War Paint (Well-Worn)",271,7,"$0.07","Team Fortress 2"
"64","Vintage Huntsman",1551,11,"$0.11","Team Fortress 2"
"65","The Graylien",199,24,"$0.24","Team Fortress 2"
"66","Secret Saxton",30115,11,"$0.11","Team Fortress 2"
"67","Pocket Santa",149,21,"$0.21","Team Fortress 2"
"68","Autumn Mk.II War Paint (Battle Scarred)",58,18,"$0.18","Team Fortress 2"
"69","Coffin Nail Grenade Launcher (Field-Tested)",51,18,"$0.18","Team Fortress 2"
"70","Autumn Mk.II War Paint (Field-Tested)",93,18,"$0.18","Team Fortress 2"
"71","The Pithy Professional",233,23,"$0.23","Team Fortress 2"
"72","Cardboard Boxed War Paint (Field-Tested)",43,18,"$0.18","Team Fortress 2"
"73","Mann Co. Supply Munition Series #83",1450,13,"$0.13","Team Fortress 2"
"74","Vintage Cloak and Dagger",800,13,"$0.13","Team Fortress 2"
"75","Vintage Sandman",2103,9,"$0.09","Team Fortress 2"
"76","Vintage Force-A-Nature",1321,11,"$0.11","Team Fortress 2"
"77","Vintage Sandvich",1049,10,"$0.10","Team Fortress 2"
"78","Reinforced Robot Emotion Detector",14722,3,"$0.03","Team Fortress 2"
"79","Vintage Flare Gun",3044,8,"$0.08","Team Fortress 2"
"80","Vintage Ubersaw",2444,8,"$0.08","Team Fortress 2"
"81","Winter 2017 Cosmetic Case",131581,3,"$0.03","Team Fortress 2"
"82","Giftapult",3533,3,"$0.03","Team Fortress 2"
"83","Reinforced Robot Bomb Stabilizer",13784,3,"$0.03","Team Fortress 2"
"84","Mann Co. Supply Crate Series #57",26874,3,"$0.03","Team Fortress 2"
"85","Mann Co. Supply Crate Series #56",19058,3,"$0.03","Team Fortress 2"
"86","Abominable Cosmetic Case",73691,3,"$0.03","Team Fortress 2"
"87","Unleash the Beast Cosmetic Case",72768,3,"$0.03","Team Fortress 2"
"88","Rainy Day Cosmetic Case",197018,3,"$0.03","Team Fortress 2"
"89","Mann Co. Supply Munition Series #92",176955,3,"$0.03","Team Fortress 2"
"90","Strange Shahanshah",87,23,"$0.23","Team Fortress 2"
"91","Strange Wrangler",47,42,"$0.42","Team Fortress 2"
"92","Low Profile SMG (Minimal Wear)",71,18,"$0.18","Team Fortress 2"
"93","The C.A.P.P.E.R",43,568,"$5.68","Team Fortress 2"
"94","The Space Diver",178,62,"$0.62","Team Fortress 2"
"95","Strange Space Diver",102,99,"$0.99","Team Fortress 2"
"96","Phobos Filter",203,27,"$0.27","Team Fortress 2"
"97","Commissar's Coat",62,98,"$0.98","Team Fortress 2"
"98","Flak Jack",224,70,"$0.70","Team Fortress 2"
"99","Strange Prehistoric Pullover",26,270,"$2.70","Team Fortress 2"
"100","Strange Fists of Steel",190,20,"$0.20","Team Fortress 2"
"101","Strange Jarate",342,19,"$0.19","Team Fortress 2"
"102","Strange Flying Guillotine",301,24,"$0.24","Team Fortress 2"
"103","Festive Revolver",81,59,"$0.59","Team Fortress 2"
"104","Mutated Milk",94,105,"$1.05","Team Fortress 2"
"105","Mann Co. Audition Reel",243,117,"$1.17","Team Fortress 2"
"106","Field Practice",179,29,"$0.29","Team Fortress 2"
"107","The Festivizer",352,291,"$2.91","Team Fortress 2"
"108","Shin Shredders",62,69,"$0.69","Team Fortress 2"
"109","Patriot's Pouches",155,64,"$0.64","Team Fortress 2"
"110","Unlocked Cosmetic Crate Multi-Class",253,271,"$2.71","Team Fortress 2"
"111","Merc Stained War Paint (Field-Tested)",42,18,"$0.18","Team Fortress 2"
"112","The Nuke",39,54,"$0.54","Team Fortress 2"
"113","Quack Canvassed War Paint (Well-Worn)",19,18,"$0.18","Team Fortress 2"
"114","The Most Dangerous Mane",218,32,"$0.32","Team Fortress 2"
"115","Siberian Tigerstripe",288,93,"$0.93","Team Fortress 2"
"116","The Conspicuous Camouflage",30,119,"$1.19","Team Fortress 2"
"117","Sax Waxed Rocket Launcher (Field-Tested)",9,51,"$0.51","Team Fortress 2"
"118","Civic Duty Mk.II War Paint (Field-Tested)",608,7,"$0.07","Team Fortress 2"
"119","Civil Servant Mk.II War Paint (Field-Tested)",447,7,"$0.07","Team Fortress 2"
"120","Civil Servant Mk.II War Paint (Well-Worn)",304,7,"$0.07","Team Fortress 2"
"121","Civil Servant Mk.II War Paint (Minimal Wear)",332,9,"$0.09","Team Fortress 2"
"122","Deity's Dress",252,36,"$0.36","Team Fortress 2"
"123","Pristine Robot Brainstorm Bulb",148,10,"$0.10","Team Fortress 2"
"124","Pristine Robot Currency Digester",335,9,"$0.09","Team Fortress 2"
"125","Strange Medi Gun",141,31,"$0.31","Team Fortress 2"
"126","Vintage Buff Banner",1176,8,"$0.08","Team Fortress 2"
"127","Vintage Wrangler",246,15,"$0.15","Team Fortress 2"
"128","Strange Silver Botkiller Wrench Mk.II",133,69,"$0.69","Team Fortress 2"
"129","Vintage Direct Hit",573,11,"$0.11","Team Fortress 2"
"130","Strange Carbonado Botkiller Medi Gun Mk.I",86,43,"$0.43","Team Fortress 2"
"131","Vintage Dead Ringer",491,19,"$0.19","Team Fortress 2"
"132","Vintage Eyelander",460,12,"$0.12","Team Fortress 2"
"133","Strange Carbonado Botkiller Minigun Mk.I",116,47,"$0.47","Team Fortress 2"
"134","Strange Rust Botkiller Sniper Rifle Mk.I",108,69,"$0.69","Team Fortress 2"
"135","Vintage Natascha",2449,8,"$0.08","Team Fortress 2"
"136","Festive Stickybomb Launcher",93,157,"$1.57","Team Fortress 2"
"137","Genuine K-9 Mane",553,24,"$0.24","Team Fortress 2"
"138","Genuine Dragonborn Helmet",129,258,"$2.58","Team Fortress 2"
"139","Description Tag",1360,13,"$0.13","Team Fortress 2"
"140","Festive Eyelander",128,84,"$0.84","Team Fortress 2"
"141","Strange Flame Thrower",269,31,"$0.31","Team Fortress 2"
"142","Professional Killstreak Ubersaw Kit Fabricator",29,195,"$1.95","Team Fortress 2"
"143","Pocket Yeti",164,21,"$0.21","Team Fortress 2"
"144","Trucker's Topper",185,23,"$0.23","Team Fortress 2"
"145","Strange Plaid Potshotter Mk.II War Paint (Factory New)",7,1589,"$15.89","Team Fortress 2"
"146","Hazard Warning War Paint (Field-Tested)",19,21,"$0.21","Team Fortress 2"
"147","Aristotle",58,58,"$0.58","Team Fortress 2"
"148","The Tundra Top",320,23,"$0.23","Team Fortress 2"
"149","The Burning Question",22,93,"$0.93","Team Fortress 2"
"150","The Head Hedge",235,23,"$0.23","Team Fortress 2"
"151","Strange Tundra Top",28,55,"$0.55","Team Fortress 2"
"152","The Cat's Pajamas",31,409,"$4.09","Team Fortress 2"
"153","Strange Festivized Knife",8,386,"$3.86","Team Fortress 2"
"154","The Handsome Hitman",44,106,"$1.06","Team Fortress 2"
"155","The Sinner's Shade",141,23,"$0.23","Team Fortress 2"
"156","Wild West Whiskers",312,32,"$0.32","Team Fortress 2"
"157","Burning Beanie",200,29,"$0.29","Team Fortress 2"
"158","Strange Specialized Killstreak Degreaser",53,269,"$2.69","Team Fortress 2"
"159","Strange Specialized Killstreak Powerjack",16,158,"$1.58","Team Fortress 2"
"160","Killstreak Machina",143,49,"$0.49","Team Fortress 2"
"161","Killstreak Huntsman",50,48,"$0.48","Team Fortress 2"
"162","Strange Specialized Killstreak Baby Face's Blaster",28,109,"$1.09","Team Fortress 2"
"163","Strange Scattergun",186,85,"$0.85","Team Fortress 2"
"164","Strange Rocket Launcher",185,76,"$0.76","Team Fortress 2"
"165","Strange Grenade Launcher",158,51,"$0.51","Team Fortress 2"
"166","Strange Killstreak Sniper Rifle",112,121,"$1.21","Team Fortress 2"
"167","Strange Ambassador",162,42,"$0.42","Team Fortress 2"
"168","Strange Knife",134,63,"$0.63","Team Fortress 2"
"169","Festive Black Box",327,63,"$0.63","Team Fortress 2"
"170","Strange Killstreak Silver Botkiller Rocket Launcher Mk.I",27,141,"$1.41","Team Fortress 2"
"171","Strange Killstreak Grenade Launcher",29,260,"$2.60","Team Fortress 2"
"172","Color No. 216-190-216",84,93,"$0.93","Team Fortress 2"
"173","An Extraordinary Abundance of Tinge",379,499,"$4.99","Team Fortress 2"
"174","Genuine Short Circuit",29,86,"$0.86","Team Fortress 2"
"175","Genuine Purity Fist",173,106,"$1.06","Team Fortress 2"
"176","Genuine Stovepipe Sniper Shako",416,21,"$0.21","Team Fortress 2"
"177","The Festive Huntsman",105,120,"$1.20","Team Fortress 2"
"178","The Festive Ubersaw",116,69,"$0.69","Team Fortress 2"
"179","Genuine Anger",313,161,"$1.61","Team Fortress 2"
"180","Genuine Foppish Physician",865,23,"$0.23","Team Fortress 2"
"181","Vintage Equalizer",1816,8,"$0.08","Team Fortress 2"
"182","Vintage Fancy Fedora",160,178,"$1.78","Team Fortress 2"
"183","Festive Knife",83,207,"$2.07","Team Fortress 2"
"184","Strange Carbonado Botkiller Sniper Rifle Mk.I",142,65,"$0.65","Team Fortress 2"
"185","Strange Carbonado Botkiller Scattergun Mk.I",134,84,"$0.84","Team Fortress 2"
"186","Strange Carbonado Botkiller Stickybomb Launcher Mk.I",124,28,"$0.28","Team Fortress 2"
"187","Vintage Chargin' Targe",736,11,"$0.11","Team Fortress 2"
"188","Strange Carbonado Botkiller Rocket Launcher Mk.I",139,72,"$0.72","Team Fortress 2"
"189","Strange Silver Botkiller Rocket Launcher Mk.II",132,71,"$0.71","Team Fortress 2"
"190","Vintage Modest Pile of Hat",1,161,"$1.61","Team Fortress 2"
"191","Genuine Blind Justice",188,25,"$0.25","Team Fortress 2"
"192","Mann Co. Supply Crate Series #34",486,4,"$0.04","Team Fortress 2"
"193","Genuine Shred Alert",121,508,"$5.08","Team Fortress 2"
"194","Strange Specialized Killstreak Rocket Launcher",48,445,"$4.45","Team Fortress 2"
"195","Specialized Killstreak Wrap Assassin Kit Fabricator",300,3,"$0.03","Team Fortress 2"
"196","Strange Specialized Killstreak Direct Hit",9,225,"$2.25","Team Fortress 2"
"197","Strange Tomislav",92,106,"$1.06","Team Fortress 2"
"198","Killstreak Third Degree Kit",30,31,"$0.31","Team Fortress 2"
"199","Killstreak Claidheamh Mòr Kit",42,29,"$0.29","Team Fortress 2"
"200","Killstreak Sniper Rifle Kit",222,85,"$0.85","Team Fortress 2"
"201","Specialized Killstreak L'Etranger Kit Fabricator",113,4,"$0.04","Team Fortress 2"
"202","Unusual Cotton Head",27,5145,"$51.45","Team Fortress 2"
"203","Haunted Voodoo-Cursed Pyro Soul",138,92,"$0.92","Team Fortress 2"
"204","Genuine Crosslinker's Coil",391,23,"$0.23","Team Fortress 2"
"205","Genuine Tartan Shade",154,84,"$0.84","Team Fortress 2"
"206","Civic Duty Mk.II War Paint (Minimal Wear)",275,10,"$0.10","Team Fortress 2"
"207","Night Owl Mk.II War Paint (Factory New)",116,43,"$0.43","Team Fortress 2"
"208","Backwoods Boomstick Mk.II War Paint (Well-Worn)",12,19,"$0.19","Team Fortress 2"
"209","Forest Fire Mk.II War Paint (Battle Scarred)",19,18,"$0.18","Team Fortress 2"
"210","Plaid Potshotter Mk.II War Paint (Battle Scarred)",30,18,"$0.18","Team Fortress 2"
"211","Plaid Potshotter Mk.II Scattergun (Factory New)",31,29,"$0.29","Team Fortress 2"
"212","Strange Merc Stained War Paint (Field-Tested)",9,158,"$1.58","Team Fortress 2"
"213","Sharp Chest Pain",88,26,"$0.26","Team Fortress 2"
"214","The Shellmet",152,41,"$0.41","Team Fortress 2"
"215","The Cammy Jammies",64,51,"$0.51","Team Fortress 2"
"216","Vitals Vest",116,41,"$0.41","Team Fortress 2"
"217","Aloha Apparel",53,149,"$1.49","Team Fortress 2"
"218","Attack Packs",119,26,"$0.26","Team Fortress 2"
"219","Battle Boonie",97,21,"$0.21","Team Fortress 2"
"220","Civil Servant Mk.II Black Box (Field-Tested)",23,10,"$0.10","Team Fortress 2"
"221","Civic Duty Mk.II Soda Popper (Field-Tested)",67,10,"$0.10","Team Fortress 2"
"222","Civic Duty Mk.II Sniper Rifle (Field-Tested)",25,9,"$0.09","Team Fortress 2"
"223","Plaid Potshotter Mk.II Iron Bomber (Minimal Wear)",10,18,"$0.18","Team Fortress 2"
"224","Backwoods Boomstick Mk.II Sniper Rifle (Minimal Wear)",9,27,"$0.27","Team Fortress 2"
"225","Nutcracker Mk.II Panic Attack (Field-Tested)",2,21,"$0.21","Team Fortress 2"
"226","Mann Co. Supply Munition Series #103",81912,3,"$0.03","Team Fortress 2"
"227","Scoped Spartan",151,32,"$0.32","Team Fortress 2"
"228","Herald's Helm",118,35,"$0.35","Team Fortress 2"
"229","Bunnyhopper's Ballistics Vest",93,54,"$0.54","Team Fortress 2"
"230","Chicago Overcoat",88,109,"$1.09","Team Fortress 2"
"231","Bonk Batter's Backup",89,48,"$0.48","Team Fortress 2"
"232","The Gift Bringer",148,198,"$1.98","Team Fortress 2"
"233","Woolen Warmer",101,59,"$0.59","Team Fortress 2"
"234","Brain-Warming Wear",172,23,"$0.23","Team Fortress 2"
"235","Strange Elf Esteem",55,28,"$0.28","Team Fortress 2"
"236","Warhood",146,38,"$0.38","Team Fortress 2"
"237","Strange Airborne Attire",46,196,"$1.96","Team Fortress 2"
"238","Head Mounted Double Observatory",112,23,"$0.23","Team Fortress 2"
"239","Handy Canes",157,20,"$0.20","Team Fortress 2"
"240","The Upgrade",333,23,"$0.23","Team Fortress 2"
"241","Strange Speedster's Spandex",68,41,"$0.41","Team Fortress 2"
"242","The El Paso Poncho",66,50,"$0.50","Team Fortress 2"
"243","The Wide-Brimmed Bandito",82,50,"$0.50","Team Fortress 2"
"244","Showstopper",164,69,"$0.69","Team Fortress 2"
"245","The Wing Mann",104,24,"$0.24","Team Fortress 2"
"246","Heavy Tourism",23,127,"$1.27","Team Fortress 2"
"247","Festive SMG",97,21,"$0.21","Team Fortress 2"
"248","Killstreak Festive Shotgun",30,103,"$1.03","Team Fortress 2"
"249","Poacher's Safari Jacket",126,134,"$1.34","Team Fortress 2"
"250","Football Helmet",182,21,"$0.21","Team Fortress 2"
"251","Genuine MK 50",134,133,"$1.33","Team Fortress 2"
"252","Strange Shotgun",113,115,"$1.15","Team Fortress 2"
"253","Strange Sandman",503,24,"$0.24","Team Fortress 2"
"254","Strange Razorback",126,30,"$0.30","Team Fortress 2"
"255","Strange Enforcer",135,21,"$0.21","Team Fortress 2"
"256","Strange Rescue Ranger",164,32,"$0.32","Team Fortress 2"
"257","Strange Loch-n-Load",133,49,"$0.49","Team Fortress 2"
"258","Strange Baby Face's Blaster",97,27,"$0.27","Team Fortress 2"
"259","Strange Crit-a-Cola",92,27,"$0.27","Team Fortress 2"
"260","Strange Fire Axe",99,20,"$0.20","Team Fortress 2"
"261","Strange Ubersaw",110,140,"$1.40","Team Fortress 2"
"262","Strange Degreaser",189,65,"$0.65","Team Fortress 2"
"263","Gargoyle Case",480,78,"$0.78","Team Fortress 2"
"264","The Rotation Sensation",178,50,"$0.50","Team Fortress 2"
"265","Lurker's Leathers",169,74,"$0.74","Team Fortress 2"
"266","Wild West Waistcoat",74,58,"$0.58","Team Fortress 2"
"267","Rocket Operator",74,73,"$0.73","Team Fortress 2"
"268","Cadet Visor",178,25,"$0.25","Team Fortress 2"
"269","Taunt: Soldier's Requiem",59,308,"$3.08","Team Fortress 2"
"270","Taunt: Zoomin' Broom",96,485,"$4.85","Team Fortress 2"
"271","The Shooting Star",130,301,"$3.01","Team Fortress 2"
"272","Grim Tweeter",18,399,"$3.99","Team Fortress 2"
"273","Smokey Sombrero",153,26,"$0.26","Team Fortress 2"
"274","Prehistoric Pullover",111,121,"$1.21","Team Fortress 2"
"275","The Face of Mercy",101,35,"$0.35","Team Fortress 2"
"276","Lightning Rod Shotgun (Field-Tested)",136,19,"$0.19","Team Fortress 2"
"277","Strange Brick House Minigun (Field-Tested)",31,48,"$0.48","Team Fortress 2"
"278","Iron Wood Minigun (Field-Tested)",78,19,"$0.19","Team Fortress 2"
"279","Black Dahlia Pistol (Field-Tested)",51,20,"$0.20","Team Fortress 2"
"280","Woodsy Widowmaker SMG (Factory New)",65,19,"$0.19","Team Fortress 2"
"281","Strange Third Degree",161,19,"$0.19","Team Fortress 2"
"282","Genuine Jungle Booty",27,139,"$1.39","Team Fortress 2"
"283","Strange Apoco-Fists",332,21,"$0.21","Team Fortress 2"
"284","Strange Warrior's Spirit",302,18,"$0.18","Team Fortress 2"
"285","Cow Mangler 5000 Strangifier",134,18,"$0.18","Team Fortress 2"
"286","Local Hero Pistol (Field-Tested)",157,9,"$0.09","Team Fortress 2"
"287","Blasted Bombardier Stickybomb Launcher (Minimal Wear)",38,18,"$0.18","Team Fortress 2"
"288","Rooftop Wrangler Stickybomb Launcher (Field-Tested)",87,18,"$0.18","Team Fortress 2"
"289","Rooftop Wrangler Stickybomb Launcher (Well-Worn)",61,18,"$0.18","Team Fortress 2"
"290","American Pastoral Rocket Launcher (Battle Scarred)",80,11,"$0.11","Team Fortress 2"
"291","Team Sprayer SMG (Minimal Wear)",35,24,"$0.24","Team Fortress 2"
"292","Smalltown Bringdown Rocket Launcher (Factory New)",36,42,"$0.42","Team Fortress 2"
"293","Spruce Deuce Scattergun (Well-Worn)",69,18,"$0.18","Team Fortress 2"
"294","Hickory Hole-Puncher Pistol (Field-Tested)",68,18,"$0.18","Team Fortress 2"
"295","Citizen Pain Minigun (Field-Tested)",168,8,"$0.08","Team Fortress 2"
"296","Strange Winger",248,19,"$0.19","Team Fortress 2"
"297","Strange Haunted Vampyro",4,1400,"$14.00","Team Fortress 2"
"298","Professional Killstreak Iron Bomber",9,909,"$9.09","Team Fortress 2"
"299","Specialized Killstreak Iron Bomber",9,224,"$2.24","Team Fortress 2"
"300","Killstreak Festive SMG",9,97,"$0.97","Team Fortress 2"
"301","Torcher's Tabard",27,100,"$1.00","Team Fortress 2"
"302","Strange Cow Mangler 5000",133,25,"$0.25","Team Fortress 2"
"303","Strange Red-Tape Recorder",391,20,"$0.20","Team Fortress 2"
"304","Strange Cloak and Dagger",48,109,"$1.09","Team Fortress 2"
"305","Strange Specialized Killstreak Lightning Rod Shotgun (Well-Worn)",4,409,"$4.09","Team Fortress 2"
"306","Gun Mettle Cosmetic Case",601,27,"$0.27","Team Fortress 2"
"307","Sheriff's Stetson",21,249,"$2.49","Team Fortress 2"
"308","Killstreak Current Event Scattergun (Field-Tested)",12,247,"$2.47","Team Fortress 2"
"309","Strange Killstreak Lightning Rod Shotgun (Minimal Wear)",6,245,"$2.45","Team Fortress 2"
"310","Spark of Life Medi Gun (Battle Scarred)",18,18,"$0.18","Team Fortress 2"
"311","Strange Turbine Torcher Flame Thrower (Minimal Wear)",12,95,"$0.95","Team Fortress 2"
"312","Woodland Warrior Rocket Launcher (Well-Worn)",42,18,"$0.18","Team Fortress 2"
"313","Strange Night Owl Sniper Rifle (Battle Scarred)",9,269,"$2.69","Team Fortress 2"
"314","The Powerhouse Weapons Case",422,10,"$0.10","Team Fortress 2"
"315","Woodsy Widowmaker SMG (Field-Tested)",109,18,"$0.18","Team Fortress 2"
"316","Night Owl Sniper Rifle (Battle Scarred)",54,18,"$0.18","Team Fortress 2"
"317","Night Owl Sniper Rifle (Field-Tested)",164,19,"$0.19","Team Fortress 2"
"318","Brick House Minigun (Field-Tested)",102,18,"$0.18","Team Fortress 2"
"319","Night Terror Scattergun (Field-Tested)",77,21,"$0.21","Team Fortress 2"
"320","Forest Fire Flame Thrower (Well-Worn)",72,18,"$0.18","Team Fortress 2"
"321","Brick House Minigun (Factory New)",40,18,"$0.18","Team Fortress 2"
"322","Night Terror Scattergun (Minimal Wear)",37,43,"$0.43","Team Fortress 2"
"323","Civic Duty Shotgun (Field-Tested)",171,9,"$0.09","Team Fortress 2"
"324","Wrapped Reviver Medi Gun (Field-Tested)",61,18,"$0.18","Team Fortress 2"
"325","B'aaarrgh-n-Britches",84,25,"$0.25","Team Fortress 2"
"326","Professional Killstreak Batsaber Kit",19,630,"$6.30","Team Fortress 2"
"327","Specialized Killstreak C.A.P.P.E.R Kit",16,248,"$2.48","Team Fortress 2"
"328","The Hellmet",170,28,"$0.28","Team Fortress 2"
"329","B'aaarrgh-n-Bicorne",36,35,"$0.35","Team Fortress 2"
"330","El Patron",86,39,"$0.39","Team Fortress 2"
"331","Tough Break Cosmetic Case",34688,3,"$0.03","Team Fortress 2"
"332","Warbird Weapons Case",323,34,"$0.34","Team Fortress 2"
"333","Tough Break Key",54,276,"$2.76","Team Fortress 2"
"334","Nutcracker Scattergun (Minimal Wear)",32,24,"$0.24","Team Fortress 2"
"335","Coffin Nail Sniper Rifle (Field-Tested)",119,10,"$0.10","Team Fortress 2"
"336","Mister Cuddles Minigun (Minimal Wear)",5,88,"$0.88","Team Fortress 2"
"337","Blue Mew Rocket Launcher (Well-Worn)",20,18,"$0.18","Team Fortress 2"
"338","Flower Power Shotgun (Minimal Wear)",11,20,"$0.20","Team Fortress 2"
"339","Brain Candy Pistol (Well-Worn)",23,19,"$0.19","Team Fortress 2"
"340","Nutcracker Pistol (Field-Tested)",113,10,"$0.10","Team Fortress 2"
"341","Macabre Web Scattergun (Field-Tested)",29,24,"$0.24","Team Fortress 2"
"342","Coffin Nail Scattergun (Field-Tested)",47,18,"$0.18","Team Fortress 2"
"343","Butcher Bird Grenade Launcher (Field-Tested)",86,19,"$0.19","Team Fortress 2"
"344","Blitzkrieg Pistol (Field-Tested)",35,18,"$0.18","Team Fortress 2"
"345","Universal Translator",274,23,"$0.23","Team Fortress 2"
"346","Captain Space Mann",139,51,"$0.51","Team Fortress 2"
"347","Strange Phobos Filter",31,66,"$0.66","Team Fortress 2"
"348","Strange A Head Full of Hot Air",58,62,"$0.62","Team Fortress 2"
"349","Strange Killstreak Black Dahlia Pistol (Factory New)",1,2755,"$27.55","Team Fortress 2"
"350","Invasion Community Update Key",36,276,"$2.76","Team Fortress 2"
"351","The Giger Counter",31,437,"$4.37","Team Fortress 2"
"352","Strange Commissar's Coat",21,213,"$2.13","Team Fortress 2"
"353","Strange Lurker's Leathers",48,126,"$1.26","Team Fortress 2"
"354","The Vascular Vestment",114,40,"$0.40","Team Fortress 2"
"355","El Duderino",21,290,"$2.90","Team Fortress 2"
"356","Strange Thrilling Tracksuit",20,198,"$1.98","Team Fortress 2"
"357","Specialized Killstreak C.A.P.P.E.R Kit Fabricator",70,7,"$0.07","Team Fortress 2"
"358","Strange Graylien",42,66,"$0.66","Team Fortress 2"
"359","Phononaut",102,57,"$0.57","Team Fortress 2"
"360","Genuine Criminal Cloak",132,54,"$0.54","Team Fortress 2"
"361","Strange Battalion's Backup",47,31,"$0.31","Team Fortress 2"
"362","Strange Hitman's Heatmaker",132,69,"$0.69","Team Fortress 2"
"363","Strange Eviction Notice",122,21,"$0.21","Team Fortress 2"
"364","Strange Beggar's Bazooka",143,31,"$0.31","Team Fortress 2"
"365","Strange Soda Popper",81,133,"$1.33","Team Fortress 2"
"366","Strange Bushwacka",89,49,"$0.49","Team Fortress 2"
"367","Strange Killing Gloves of Boxing",90,32,"$0.32","Team Fortress 2"
"368","Strange Flare Gun",142,84,"$0.84","Team Fortress 2"
"369","Strange Dead Ringer",77,123,"$1.23","Team Fortress 2"
"370","Strange Reserve Shooter",312,20,"$0.20","Team Fortress 2"
"371","Strange Crusader's Crossbow",139,139,"$1.39","Team Fortress 2"
"372","Strange Half-Zatoichi",115,83,"$0.83","Team Fortress 2"
"373","Strange Bat",95,36,"$0.36","Team Fortress 2"
"374","Strange Tribalman's Shiv",165,19,"$0.19","Team Fortress 2"
"375","Pretty Boy's Pocket Pistol Strangifier",126,25,"$0.25","Team Fortress 2"
"376","Strange Chargin' Targe",98,34,"$0.34","Team Fortress 2"
"377","Strange Invis Watch",20,1038,"$10.38","Team Fortress 2"
"378","Strange Mustachioed Mann",50,299,"$2.99","Team Fortress 2"
"379","Strange Killer's Kit",12,687,"$6.87","Team Fortress 2"
"380","Killstreak Fortified Compound",56,62,"$0.62","Team Fortress 2"
"381","Strange Phlogistinator",183,85,"$0.85","Team Fortress 2"
"382","Strange Toowoomba Tunic",19,345,"$3.45","Team Fortress 2"
"383","Genuine Professional Killstreak Fortified Compound",9,503,"$5.03","Team Fortress 2"
"384","Professor Speks Strangifier Chemistry Set Series #2",317,6,"$0.06","Team Fortress 2"
"385","Strange Sydney Sleeper",171,29,"$0.29","Team Fortress 2"
"386","Strange Pain Train",197,18,"$0.18","Team Fortress 2"
"387","Strange Powerjack",145,28,"$0.28","Team Fortress 2"
"388","Strange Mad Milk",57,107,"$1.07","Team Fortress 2"
"389","Strange Homewrecker",151,26,"$0.26","Team Fortress 2"
"390","Specialized Killstreak Frying Pan",35,338,"$3.38","Team Fortress 2"
"391","Specialized Killstreak AWPer Hand Kit Fabricator",47,74,"$0.74","Team Fortress 2"
"392","Strange Detonator",88,30,"$0.30","Team Fortress 2"
"393","Strange Scotsman's Skullcutter",202,20,"$0.20","Team Fortress 2"
"394","Strange Spy-cicle",135,101,"$1.01","Team Fortress 2"
"395","Strange Bottle",141,28,"$0.28","Team Fortress 2"
"396","Strange Shortstop",176,27,"$0.27","Team Fortress 2"
"397","Strange Backburner",141,83,"$0.83","Team Fortress 2"
"398","Strange Neon Annihilator",151,18,"$0.18","Team Fortress 2"
"399","Strange Overdose",156,18,"$0.18","Team Fortress 2"
"400","Strange Specialized Killstreak Silver Botkiller Stickybomb Launcher Mk.II",11,193,"$1.93","Team Fortress 2"
"401","Strange Specialized Killstreak Blood Botkiller Wrench Mk.I",1,328,"$3.28","Team Fortress 2"
"402","Killstreak Iron Curtain Kit",46,54,"$0.54","Team Fortress 2"
"403","Killstreak Frying Pan Kit",45,258,"$2.58","Team Fortress 2"
"404","Specialized Killstreak Black Rose Kit Fabricator",102,16,"$0.16","Team Fortress 2"
"405","Genuine Killstreak AWPer Hand",18,399,"$3.99","Team Fortress 2"
"406","Vintage Professional Killstreak Lugermorph",15,1971,"$19.71","Team Fortress 2"
"407","Nice Winter Crate 2014 Series #89",28205,3,"$0.03","Team Fortress 2"
"408","Naughty Winter Crate 2014 Series #88",26705,3,"$0.03","Team Fortress 2"
"409","The Festive Backburner",164,34,"$0.34","Team Fortress 2"
"410","Festive Shotgun",80,54,"$0.54","Team Fortress 2"
"411","Festive Chargin' Targe",129,26,"$0.26","Team Fortress 2"
"412","Festive Bonk! Atomic Punch",127,24,"$0.24","Team Fortress 2"
"413","Strange Sleeveless in Siberia",28,155,"$1.55","Team Fortress 2"
"414","Trophy Belt",134,48,"$0.48","Team Fortress 2"
"415","The Lone Survivor",34,277,"$2.77","Team Fortress 2"
"416","Demoman's Fro",161,55,"$0.55","Team Fortress 2"
"417","Prussian Pickelhaube",176,23,"$0.23","Team Fortress 2"
"418","Skullcap",24,216,"$2.16","Team Fortress 2"
"419","Robo Community Crate Series #58",4018,5,"$0.05","Team Fortress 2"
"420","Festive Bonesaw",177,17,"$0.17","Team Fortress 2"
"421","Strange Bushman's Bristles",11,361,"$3.61","Team Fortress 2"
"422","Co-Pilot",20,266,"$2.66","Team Fortress 2"
"423","Scot Bonnet",51,123,"$1.23","Team Fortress 2"
"424","Puffy Provocateur",51,423,"$4.23","Team Fortress 2"
"425","Specialized Killstreak Iron Bomber Kit",15,292,"$2.92","Team Fortress 2"
"426","Killstreak Quickiebomb Launcher",74,42,"$0.42","Team Fortress 2"
"427","Marksman's Mohair",83,222,"$2.22","Team Fortress 2"
"428","Specialized Killstreak Classic Kit",11,186,"$1.86","Team Fortress 2"
"429","Killstreak Back Scatter Kit",90,32,"$0.32","Team Fortress 2"
"430","Strange Killstreak Bread Bite",7,376,"$3.76","Team Fortress 2"
"431","Killstreak Back Scatter",65,41,"$0.41","Team Fortress 2"
"432","Genuine Mister Bubbles",200,21,"$0.21","Team Fortress 2"
"433","Strange Vaccinator",63,77,"$0.77","Team Fortress 2"
"434","Strange Classic",105,52,"$0.52","Team Fortress 2"
"435","Manmelter Strangifier",65,20,"$0.20","Team Fortress 2"
"436","Strange Manmelter",95,24,"$0.24","Team Fortress 2"
"437","Strange Apparition's Aspect",15,406,"$4.06","Team Fortress 2"
"438","Strange Natascha",144,24,"$0.24","Team Fortress 2"
"439","Unusual Taunt: Party Trick",48,1256,"$12.56","Team Fortress 2"
"440","Unusual Taunt: The Schadenfreude",36,2819,"$28.19","Team Fortress 2"
"441","Stockbroker's Scarf",172,23,"$0.23","Team Fortress 2"
"442","The Essential Accessories",134,139,"$1.39","Team Fortress 2"
"443","Batter's Helmet",260,23,"$0.23","Team Fortress 2"
"444","The Mishap Mercenary",118,106,"$1.06","Team Fortress 2"
"445","Lumbricus Lid",183,48,"$0.48","Team Fortress 2"
"446","Pocket Heavy",84,57,"$0.57","Team Fortress 2"
"447","The Lady Killer",102,223,"$2.23","Team Fortress 2"
"448","Spirit of the Bombing Past",31,51,"$0.51","Team Fortress 2"
"449","Colossal Cranium",60,23,"$0.23","Team Fortress 2"
"450","Big Topper",23,106,"$1.06","Team Fortress 2"
"451","The Cranial Carcharodon",105,39,"$0.39","Team Fortress 2"
"452","Taunt: Second Rate Sorcery",28,438,"$4.38","Team Fortress 2"
"453","Nasty Norsemann",96,27,"$0.27","Team Fortress 2"
"454","Strange Snapped Pupil",2,983,"$9.83","Team Fortress 2"
"455","Unusual Taunt: The Box Trot",44,2102,"$21.02","Team Fortress 2"
"456","Strange Graybanns",8,1202,"$12.02","Team Fortress 2"
"457","Strange Brotherhood of Arms",18,839,"$8.39","Team Fortress 2"
"458","Strange Killstreak Quickiebomb Launcher",5,158,"$1.58","Team Fortress 2"
"459","Strange Sub Zero Suit",14,1083,"$10.83","Team Fortress 2"
"460","Strange Hong Kong Cone",9,869,"$8.69","Team Fortress 2"
"461","Strange Back Scatter",102,34,"$0.34","Team Fortress 2"
"462","Strange Belgian Detective",6,497,"$4.97","Team Fortress 2"
"463","Strange Mutton Mann",22,152,"$1.52","Team Fortress 2"
"464","Strange Upgrade",45,30,"$0.30","Team Fortress 2"
"465","Down Under Duster",106,124,"$1.24","Team Fortress 2"
"466","Guilden Guardian",60,59,"$0.59","Team Fortress 2"
"467","Strange Head Mounted Double Observatory",79,29,"$0.29","Team Fortress 2"
"468","Airtight Arsonist",255,32,"$0.32","Team Fortress 2"
"469","Archer's Sterling",90,30,"$0.30","Team Fortress 2"
"470","Flammable Favor",58,39,"$0.39","Team Fortress 2"
"471","Genuine Audio File",17,392,"$3.92","Team Fortress 2"
"472","Messenger's Mail Bag",105,28,"$0.28","Team Fortress 2"
"473","Strange Airtight Arsonist",47,70,"$0.70","Team Fortress 2"
"474","Strange Head Prize",7,2795,"$27.95","Team Fortress 2"
"475","Bomb Beanie",63,48,"$0.48","Team Fortress 2"
"476","Pyro the Flamedeer",45,337,"$3.37","Team Fortress 2"
"477","Reader's Choice",199,28,"$0.28","Team Fortress 2"
"478","Sweet Smissmas Sweater",335,43,"$0.43","Team Fortress 2"
"479","Unusual Shred Alert",35,2012,"$20.12","Team Fortress 2"
"480","The Chill Chullo",144,53,"$0.53","Team Fortress 2"
"481","The Toadstool Topper",67,61,"$0.61","Team Fortress 2"
"482","Strange Spooktacles",24,121,"$1.21","Team Fortress 2"
"483","Strange Cranial Carcharodon",42,86,"$0.86","Team Fortress 2"
"484","Strange Hot Heels",60,110,"$1.10","Team Fortress 2"
"485","The Diplomat",80,151,"$1.51","Team Fortress 2"
"486","Coffin Nail Shotgun (Minimal Wear)",19,39,"$0.39","Team Fortress 2"
"487","Corsair Medi Gun (Minimal Wear)",30,25,"$0.25","Team Fortress 2"
"488","Nutcracker Flame Thrower (Battle Scarred)",40,10,"$0.10","Team Fortress 2"
"489","Butcher Bird Grenade Launcher (Minimal Wear)",25,25,"$0.25","Team Fortress 2"
"490","Blitzkrieg SMG (Battle Scarred)",18,18,"$0.18","Team Fortress 2"
"491","Blitzkrieg Pistol (Well-Worn)",24,18,"$0.18","Team Fortress 2"
"492","Blitzkrieg Knife (Well-Worn)",49,21,"$0.21","Team Fortress 2"
"493","Strange Shot to Hell Scattergun (Field-Tested)",10,518,"$5.18","Team Fortress 2"
"494","Dressed to Kill Sniper Rifle (Battle Scarred)",34,12,"$0.12","Team Fortress 2"
"495","Flower Power Medi Gun (Well-Worn)",33,18,"$0.18","Team Fortress 2"
"496","Strange Backcountry Blaster Scattergun (Field-Tested)",5,110,"$1.10","Team Fortress 2"
"497","Strange Dressed to Kill Pistol (Field-Tested)",6,93,"$0.93","Team Fortress 2"
"498","Genuine Arkham Cowl",132,106,"$1.06","Team Fortress 2"
"499","Mayflower Cosmetic Case",117507,3,"$0.03","Team Fortress 2"
"500","Strange Demo's Dustcatcher",57,50,"$0.50","Team Fortress 2"
"501","The Surgical Survivalist",152,32,"$0.32","Team Fortress 2"
"502","The Demo's Dustcatcher",144,25,"$0.25","Team Fortress 2"
"503","The Lurking Legionnaire",152,151,"$1.51","Team Fortress 2"
"504","Strange Panic Attack",63,40,"$0.40","Team Fortress 2"
"505","Strange Mair Mask",2,1699,"$16.99","Team Fortress 2"
"506","Smalltown Bringdown Mk.II Scorch Shot (Field-Tested)",11,12,"$0.12","Team Fortress 2"
"507","Night Owl Mk.II Revolver (Field-Tested)",8,21,"$0.21","Team Fortress 2"
"508","Nutcracker Mk.II Knife (Field-Tested)",17,15,"$0.15","Team Fortress 2"
"509","Smalltown Bringdown Mk.II Revolver (Minimal Wear)",16,15,"$0.15","Team Fortress 2"
"510","Civil Servant Mk.II Brass Beast (Well-Worn)",15,10,"$0.10","Team Fortress 2"
"511","Civic Duty Mk.II Iron Bomber (Battle Scarred)",7,13,"$0.13","Team Fortress 2"
"512","Nutcracker Mk.II War Paint (Factory New)",18,140,"$1.40","Team Fortress 2"
"513","Nutcracker Mk.II War Paint (Battle Scarred)",32,13,"$0.13","Team Fortress 2"
"514","Nutcracker Mk.II Sniper Rifle (Minimal Wear)",13,18,"$0.18","Team Fortress 2"
"515","Unusual Hunter in Darkness",3,9673,"$96.73","Team Fortress 2"
"516","Smalltown Bringdown Mk.II Rescue Ranger (Field-Tested)",7,13,"$0.13","Team Fortress 2"
"517","Night Owl Mk.II Sniper Rifle (Factory New)",37,24,"$0.24","Team Fortress 2"
"518","Autumn Mk.II Scorch Shot (Field-Tested)",9,19,"$0.19","Team Fortress 2"
"519","Civil Servant Mk.II Scorch Shot (Field-Tested)",9,10,"$0.10","Team Fortress 2"
"520","Nutcracker Mk.II Rocket Launcher (Minimal Wear)",7,14,"$0.14","Team Fortress 2"
"521","Night Owl Mk.II Knife (Field-Tested)",8,28,"$0.28","Team Fortress 2"
"522","Backwoods Boomstick Mk.II Medi Gun (Field-Tested)",6,14,"$0.14","Team Fortress 2"
"523","Woodsy Widowmaker Mk.II Black Box (Well-Worn)",10,14,"$0.14","Team Fortress 2"
"524","Plaid Potshotter Mk.II Knife (Field-Tested)",14,18,"$0.18","Team Fortress 2"
"525","Autumn Mk.II Iron Bomber (Well-Worn)",9,16,"$0.16","Team Fortress 2"
"526","Night Owl Mk.II Grenade Launcher (Field-Tested)",4,19,"$0.19","Team Fortress 2"
"527","Plaid Potshotter Mk.II Loose Cannon (Well-Worn)",5,17,"$0.17","Team Fortress 2"
"528","Civil Servant Mk.II Reserve Shooter (Well-Worn)",12,10,"$0.10","Team Fortress 2"
"529","Smalltown Bringdown Mk.II War Paint (Field-Tested)",174,8,"$0.08","Team Fortress 2"
"530","Night Owl Mk.II Shotgun (Field-Tested)",10,24,"$0.24","Team Fortress 2"
"531","Autumn Mk.II Ubersaw (Minimal Wear)",9,13,"$0.13","Team Fortress 2"
"532","Civic Duty Mk.II Scorch Shot (Field-Tested)",21,11,"$0.11","Team Fortress 2"
"533","Backwoods Boomstick Mk.II Scattergun (Field-Tested)",7,19,"$0.19","Team Fortress 2"
"534","Forest Fire Mk.II Shotgun (Factory New)",12,29,"$0.29","Team Fortress 2"
"535","Night Owl Mk.II Medi Gun (Field-Tested)",9,18,"$0.18","Team Fortress 2"
"536","Woodsy Widowmaker Mk.II Tomislav (Field-Tested)",7,20,"$0.20","Team Fortress 2"
"537","Civic Duty Mk.II Minigun (Factory New)",18,16,"$0.16","Team Fortress 2"
"538","Tiger Buffed Scattergun (Minimal Wear)",5,28,"$0.28","Team Fortress 2"
"539","Autumn Mk.II Stickybomb Launcher (Well-Worn)",17,10,"$0.10","Team Fortress 2"
"540","Civil Servant Mk.II Sniper Rifle (Well-Worn)",14,15,"$0.15","Team Fortress 2"
"541","Macabre Web Mk.II War Paint (Battle Scarred)",21,18,"$0.18","Team Fortress 2"
"542","Civil Servant Mk.II Panic Attack (Well-Worn)",14,12,"$0.12","Team Fortress 2"
"543","Woodsy Widowmaker Mk.II Black Box (Minimal Wear)",8,34,"$0.34","Team Fortress 2"
"544","Leopard Printed Grenade Launcher (Field-Tested)",4,27,"$0.27","Team Fortress 2"
"545","Civil Servant Mk.II Tomislav (Minimal Wear)",16,12,"$0.12","Team Fortress 2"
"546","Woodsy Widowmaker Mk.II Rocket Launcher (Factory New)",18,26,"$0.26","Team Fortress 2"
"547","Civil Servant Mk.II Medi Gun (Field-Tested)",70,8,"$0.08","Team Fortress 2"
"548","Masked Mender Mk.II Knife (Factory New)",2,255,"$2.55","Team Fortress 2"
"549","Mannana Peeled Shahanshah (Field-Tested)",4,25,"$0.25","Team Fortress 2"
"550","Civic Duty Mk.II Shahanshah (Minimal Wear)",17,9,"$0.09","Team Fortress 2"
"551","Iron Wood Mk.II Powerjack (Field-Tested)",12,11,"$0.11","Team Fortress 2"
"552","Civil Servant Mk.II Bazaar Bargain (Field-Tested)",24,10,"$0.10","Team Fortress 2"
"553","Mannana Peeled Disciplinary Action (Field-Tested)",0,24,"$0.24","Team Fortress 2"
"554","Plaid Potshotter Mk.II Black Box (Minimal Wear)",7,15,"$0.15","Team Fortress 2"
"555","Woodsy Widowmaker Mk.II Holy Mackerel (Field-Tested)",7,14,"$0.14","Team Fortress 2"
"556","Plaid Potshotter Mk.II Iron Bomber (Field-Tested)",8,16,"$0.16","Team Fortress 2"
"557","Masked Mender Mk.II Knife (Field-Tested)",9,24,"$0.24","Team Fortress 2"
"558","Civic Duty Mk.II Shotgun (Battle Scarred)",9,10,"$0.10","Team Fortress 2"
"559","Civic Duty Mk.II Jag (Field-Tested)",9,11,"$0.11","Team Fortress 2"
"560","Night Owl Mk.II Scattergun (Factory New)",44,31,"$0.31","Team Fortress 2"
"561","Civil Servant Mk.II Jag (Field-Tested)",13,10,"$0.10","Team Fortress 2"
"562","Autumn Mk.II Air Strike (Field-Tested)",8,11,"$0.11","Team Fortress 2"
"563","Plaid Potshotter Mk.II Bazaar Bargain (Factory New)",9,43,"$0.43","Team Fortress 2"
"564","Civil Servant Mk.II Degreaser (Minimal Wear)",13,12,"$0.12","Team Fortress 2"
"565","Civic Duty Mk.II Disciplinary Action (Field-Tested)",9,10,"$0.10","Team Fortress 2"
"566","Civic Duty Mk.II Crusader's Crossbow (Field-Tested)",18,12,"$0.12","Team Fortress 2"
"567","Night Owl Mk.II Flame Thrower (Field-Tested)",4,27,"$0.27","Team Fortress 2"
"568","Civil Servant Mk.II Crusader's Crossbow (Field-Tested)",15,12,"$0.12","Team Fortress 2"
"569","Night Owl Mk.II Rocket Launcher (Field-Tested)",10,17,"$0.17","Team Fortress 2"
"570","Autumn Mk.II Tomislav (Field-Tested)",14,12,"$0.12","Team Fortress 2"
"571","Fat Man's Field Cap",147,24,"$0.24","Team Fortress 2"
"572","Bait and Bite",146,21,"$0.21","Team Fortress 2"
"573","Kill Covered War Paint (Field-Tested)",10,86,"$0.86","Team Fortress 2"
"574","Strange Commando Elite",28,49,"$0.49","Team Fortress 2"
"575","Star Crossed War Paint (Well-Worn)",20,18,"$0.18","Team Fortress 2"
"576","Bloom Buffed War Paint (Minimal Wear)",25,36,"$0.36","Team Fortress 2"
"577","The Croaking Hazard",130,73,"$0.73","Team Fortress 2"
"578","Strange Vitals Vest",25,110,"$1.10","Team Fortress 2"
"579","Merc Stained War Paint (Well-Worn)",21,20,"$0.20","Team Fortress 2"
"580","Mannana Peeled War Paint (Field-Tested)",16,29,"$0.29","Team Fortress 2"
"581","Cardboard Boxed War Paint (Battle Scarred)",22,18,"$0.18","Team Fortress 2"
"582","The Crit Cloak",78,64,"$0.64","Team Fortress 2"
"583","Jungle Wreath",21,163,"$1.63","Team Fortress 2"
"584","Strange Anodized Aloha War Paint (Field-Tested)",11,154,"$1.54","Team Fortress 2"
"585","Quack Canvassed War Paint (Battle Scarred)",18,18,"$0.18","Team Fortress 2"
"586","Bamboo Brushed War Paint (Field-Tested)",25,17,"$0.17","Team Fortress 2"
"587","Sacrificial Stone",53,94,"$0.94","Team Fortress 2"
"588","Forest Fire Mk.II War Paint (Field-Tested)",61,18,"$0.18","Team Fortress 2"
"589","Bamboo Brushed Shotgun (Field-Tested)",8,11,"$0.11","Team Fortress 2"
"590","Civil Servant Mk.II Rescue Ranger (Field-Tested)",18,10,"$0.10","Team Fortress 2"
"591","Civic Duty Mk.II Bazaar Bargain (Field-Tested)",22,12,"$0.12","Team Fortress 2"
"592","Civil Servant Mk.II Claidheamh Mòr (Factory New)",5,18,"$0.18","Team Fortress 2"
"593","Macabre Web Mk.II War Paint (Minimal Wear)",41,37,"$0.37","Team Fortress 2"
"594","Bank Rolled Scattergun (Field-Tested)",2,39,"$0.39","Team Fortress 2"
"595","Civic Duty Mk.II Medi Gun (Field-Tested)",79,8,"$0.08","Team Fortress 2"
"596","Night Owl Mk.II Black Box (Field-Tested)",7,17,"$0.17","Team Fortress 2"
"597","Masked Mender Mk.II War Paint (Battle Scarred)",24,18,"$0.18","Team Fortress 2"
"598","Strange War Eagle",10,627,"$6.27","Team Fortress 2"
"599","Civic Duty Mk.II Air Strike (Field-Tested)",24,10,"$0.10","Team Fortress 2"
"600","Macabre Web Mk.II War Paint (Field-Tested)",46,23,"$0.23","Team Fortress 2"
"601","Woodsy Widowmaker Mk.II War Paint (Factory New)",45,37,"$0.37","Team Fortress 2"
"602","Civic Duty Mk.II Tomislav (Well-Worn)",7,12,"$0.12","Team Fortress 2"
"603","Bovine Blazemaker Mk.II Sniper Rifle (Well-Worn)",9,15,"$0.15","Team Fortress 2"
"604","Night Owl Mk.II War Paint (Minimal Wear)",23,37,"$0.37","Team Fortress 2"
"605","Iron Wood Mk.II War Paint (Minimal Wear)",39,25,"$0.25","Team Fortress 2"
"606","Nutcracker Mk.II War Paint (Well-Worn)",54,10,"$0.10","Team Fortress 2"
"607","Strange Transparent Trousers",9,370,"$3.70","Team Fortress 2"
"608","Unusual Taunt: The Soviet Strongarm Unusualifier",16,1566,"$15.66","Team Fortress 2"
"609","Strange Aloha Apparel",10,357,"$3.57","Team Fortress 2"
"610","Tropical Toad",67,66,"$0.66","Team Fortress 2"
"611","Strange Crit Cloak",10,189,"$1.89","Team Fortress 2"
"612","Strange Dream Piped War Paint (Field-Tested)",3,1196,"$11.96","Team Fortress 2"
"613","Bank Rolled Black Box (Field-Tested)",2,77,"$0.77","Team Fortress 2"
"614","Mann Co. Supply Crate Series #28",235,5,"$0.05","Team Fortress 2"
"615","Unusual Handyman's Handle",45,2240,"$22.40","Team Fortress 2"
"616","Black Summer 2013 Cooler Series #69",485,4,"$0.04","Team Fortress 2"
"617","Unusual Troublemaker's Tossle Cap",17,4025,"$40.25","Team Fortress 2"
"618","Unusual Killer's Kabuto",18,3275,"$32.75","Team Fortress 2"
"619","Haunted Wraith Wrap",113,103,"$1.03","Team Fortress 2"
"620","Haunted Scottish Snarl",99,30,"$0.30","Team Fortress 2"
"621","Unusual Das Ubersternmann",3,4800,"$48.00","Team Fortress 2"
"622","Fall 2013 Acorns Crate Series #72",2547,3,"$0.03","Team Fortress 2"
"623","Haunted Fallen Angel",72,129,"$1.29","Team Fortress 2"
"624","Haunted Sackcloth Spook",45,66,"$0.66","Team Fortress 2"
"625","Haunted Das Blutliebhaber",29,53,"$0.53","Team Fortress 2"
"626","Specialized Killstreak Phlogistinator Kit Fabricator",115,9,"$0.09","Team Fortress 2"
"627","Strange Sandvich Safe",14,135,"$1.35","Team Fortress 2"
"628","Strange Outback Intellectual",94,149,"$1.49","Team Fortress 2"
"629","Strange Foppish Physician",27,106,"$1.06","Team Fortress 2"
"630","Haunted Voodoo-Cursed Sniper Soul",174,58,"$0.58","Team Fortress 2"
"631","Haunted Bonedolier",142,63,"$0.63","Team Fortress 2"
"632","Haunted Cadaver's Capper",51,39,"$0.39","Team Fortress 2"
"633","Killstreak Ubersaw Kit",93,31,"$0.31","Team Fortress 2"
"634","Strange Killstreak Scattergun",85,163,"$1.63","Team Fortress 2"
"635","Killstreak Bat Outta Hell Kit",52,38,"$0.38","Team Fortress 2"
"636","Specialized Killstreak Frontier Justice Kit Fabricator",143,4,"$0.04","Team Fortress 2"
"637","Specialized Killstreak Backburner Kit Fabricator",123,4,"$0.04","Team Fortress 2"
"638","Specialized Killstreak Soda Popper Kit Fabricator",197,4,"$0.04","Team Fortress 2"
"639","Specialized Killstreak Claidheamh Mòr Kit Fabricator",197,3,"$0.03","Team Fortress 2"
"640","Killstreak Ambassador Kit",47,51,"$0.51","Team Fortress 2"
"641","Specialized Killstreak Hitman's Heatmaker",6,178,"$1.78","Team Fortress 2"
"642","Specialized Killstreak Conscientious Objector Kit Fabricator",80,28,"$0.28","Team Fortress 2"
"643","Specialized Killstreak Revolver Kit Fabricator",107,5,"$0.05","Team Fortress 2"
"644","Specialized Killstreak Flying Guillotine Kit Fabricator",202,3,"$0.03","Team Fortress 2"
"645","Specialized Killstreak Eyelander Kit Fabricator",103,17,"$0.17","Team Fortress 2"
"646","Strange Specialized Killstreak Stickybomb Launcher",30,202,"$2.02","Team Fortress 2"
"647","Specialized Killstreak Splendid Screen Kit Fabricator",210,3,"$0.03","Team Fortress 2"
"648","Killstreak Bushwacka Kit",31,39,"$0.39","Team Fortress 2"
"649","Specialized Killstreak Powerjack Kit Fabricator",112,4,"$0.04","Team Fortress 2"
"650","Specialized Killstreak Kritzkrieg Kit",23,170,"$1.70","Team Fortress 2"
"651","Genuine Specialized Killstreak Ham Shank",17,154,"$1.54","Team Fortress 2"
"652","Strange Specialized Killstreak Your Eternal Reward",16,339,"$3.39","Team Fortress 2"
"653","Killstreak Market Gardener Kit",44,75,"$0.75","Team Fortress 2"
"654","Specialized Killstreak Scottish Handshake Kit Fabricator",317,3,"$0.03","Team Fortress 2"
"655","Killstreak Original",24,154,"$1.54","Team Fortress 2"
"656","Specialized Killstreak Medi Gun Kit Fabricator",21,296,"$2.96","Team Fortress 2"
"657","Strange Killstreak Shortstop",17,63,"$0.63","Team Fortress 2"
"658","Killstreak Frontier Justice Kit",77,39,"$0.39","Team Fortress 2"
"659","Killstreak Beggar's Bazooka Kit",35,39,"$0.39","Team Fortress 2"
"660","Killstreak Rainblower Kit",53,36,"$0.36","Team Fortress 2"
"661","Killstreak Cow Mangler 5000 Kit",28,70,"$0.70","Team Fortress 2"
"662","Killstreak Shotgun Kit",64,70,"$0.70","Team Fortress 2"
"663","Strange Killstreak Stickybomb Launcher",47,118,"$1.18","Team Fortress 2"
"664","Specialized Killstreak Lollichop Kit Fabricator",262,3,"$0.03","Team Fortress 2"
"665","Specialized Killstreak Stickybomb Launcher Kit",40,269,"$2.69","Team Fortress 2"
"666","Specialized Killstreak Ubersaw Kit Fabricator",85,7,"$0.07","Team Fortress 2"
"667","Strange Part: Medics Killed",62,258,"$2.58","Team Fortress 2"
"668","Strange Blood Botkiller Medi Gun Mk.I",21,193,"$1.93","Team Fortress 2"
"669","Genuine Brütal Bouffant",175,105,"$1.05","Team Fortress 2"
"670","Strange Blood Botkiller Minigun Mk.I",28,219,"$2.19","Team Fortress 2"
"671","Strange Gold Botkiller Minigun Mk.II",21,181,"$1.81","Team Fortress 2"
"672","Mann Co. Supply Crate Series #9",149,82,"$0.82","Team Fortress 2"
"673","Mann Co. Supply Crate Series #17",399,8,"$0.08","Team Fortress 2"
"674","Genuine Fortune Hunter",137,36,"$0.36","Team Fortress 2"
"675","Strange Silver Botkiller Stickybomb Launcher Mk.I",166,46,"$0.46","Team Fortress 2"
"676","Genuine Wilson Weave",478,23,"$0.23","Team Fortress 2"
"677","Genuine Scotsman's Stove Pipe",54,92,"$0.92","Team Fortress 2"
"678","Mann Co. Supply Crate Series #38",291,5,"$0.05","Team Fortress 2"
"679","Unusual Exquisite Rack",17,7928,"$79.28","Team Fortress 2"
"680","Vintage Physician's Procedure Mask",0,278,"$2.78","Team Fortress 2"
"681","Strange Silver Botkiller Scattergun Mk.II",106,97,"$0.97","Team Fortress 2"
"682","Vintage Mining Light",152,128,"$1.28","Team Fortress 2"
"683","Vintage Frenchman's Beret",0,118,"$1.18","Team Fortress 2"
"684","Strange Diamond Botkiller Knife Mk.I",22,111,"$1.11","Team Fortress 2"
"685","Strange Rust Botkiller Minigun Mk.I",104,47,"$0.47","Team Fortress 2"
"686","Vintage Blutsauger",2893,9,"$0.09","Team Fortress 2"
"687","Vintage Lugermorph",86,1190,"$11.90","Team Fortress 2"
"688","Vintage Frontier Justice",756,10,"$0.10","Team Fortress 2"
"689","Vintage Gunslinger",158,28,"$0.28","Team Fortress 2"
"690","Vintage Kritzkrieg",1608,9,"$0.09","Team Fortress 2"
"691","Vintage Otolaryngologist's Mirror",1,47,"$0.47","Team Fortress 2"
"692","Vintage Stockbroker's Scarf",439,18,"$0.18","Team Fortress 2"
"693","Vintage Foster's Facade",444,26,"$0.26","Team Fortress 2"
"694","Strange Silver Botkiller Knife Mk.II",127,57,"$0.57","Team Fortress 2"
"695","Vintage Backburner",2526,8,"$0.08","Team Fortress 2"
"696","Vintage Jarate",1628,9,"$0.09","Team Fortress 2"
"697","Strange Silver Botkiller Sniper Rifle Mk.II",145,72,"$0.72","Team Fortress 2"
"698","Vintage Trophy Belt",0,119,"$1.19","Team Fortress 2"
"699","Strange Carbonado Botkiller Knife Mk.I",125,55,"$0.55","Team Fortress 2"
"700","Strange Silver Botkiller Medi Gun Mk.I",90,62,"$0.62","Team Fortress 2"
"701","Vintage Scotsman's Skullcutter",335,10,"$0.10","Team Fortress 2"
"702","Strange Silver Botkiller Minigun Mk.II",123,50,"$0.50","Team Fortress 2"
"703","Vintage Camera Beard",316,34,"$0.34","Team Fortress 2"
"704","Vintage Ritzy Rick's Hair Fixative",0,95,"$0.95","Team Fortress 2"
"705","Vintage Vintage Merryweather",150,236,"$2.36","Team Fortress 2"
"706","Festive Minigun",68,157,"$1.57","Team Fortress 2"
"707","Festive Sniper Rifle",64,207,"$2.07","Team Fortress 2"
"708","Festive Rocket Launcher",82,219,"$2.19","Team Fortress 2"
"709","Genuine Balloonicorn",46,354,"$3.54","Team Fortress 2"
"710","Genuine Quadwrangler",128,157,"$1.57","Team Fortress 2"
"711","Genuine Marxman",77,196,"$1.96","Team Fortress 2"
"712","Genuine Area 451",141,49,"$0.49","Team Fortress 2"
"713","Genuine Point and Shoot",158,429,"$4.29","Team Fortress 2"
"714","Genuine Champ Stamp",131,120,"$1.20","Team Fortress 2"
"715","Genuine Huo-Long Heater",126,25,"$0.25","Team Fortress 2"
"716","Genuine Company Man",146,24,"$0.24","Team Fortress 2"
"717","Genuine Diamondback",139,50,"$0.50","Team Fortress 2"
"718","Genuine Mask of the Shaman",175,24,"$0.24","Team Fortress 2"
"719","Genuine Widowmaker",84,62,"$0.62","Team Fortress 2"
"720","Genuine Hitt Mann Badge",137,28,"$0.28","Team Fortress 2"
"721","Strange Festive Scattergun",13,3294,"$32.94","Team Fortress 2"
"722","Genuine Dread Knot",111,29,"$0.29","Team Fortress 2"
"723","Vintage Whoopee Cap",0,92,"$0.92","Team Fortress 2"
"724","Strange Silver Botkiller Flame Thrower Mk.I",151,50,"$0.50","Team Fortress 2"
"725","Strange Diamond Botkiller Minigun Mk.I",35,112,"$1.12","Team Fortress 2"
"726","Strange Silver Botkiller Medi Gun Mk.II",106,41,"$0.41","Team Fortress 2"
"727","Strange Rust Botkiller Knife Mk.I",148,57,"$0.57","Team Fortress 2"
"728","Strange Rust Botkiller Flame Thrower Mk.I",122,47,"$0.47","Team Fortress 2"
"729","Vintage Scottish Resistance",1045,8,"$0.08","Team Fortress 2"
"730","Vintage Axtinguisher",2363,8,"$0.08","Team Fortress 2"
"731","Vintage Killing Gloves of Boxing",2300,8,"$0.08","Team Fortress 2"
"732","Vintage Tyrant's Helm",175,123,"$1.23","Team Fortress 2"
"733","Strange Carbonado Botkiller Wrench Mk.I",136,69,"$0.69","Team Fortress 2"
"734","Genuine Sign of the Wolf's School",137,61,"$0.61","Team Fortress 2"
"735","Genuine Ball-Kicking Boots",50,230,"$2.30","Team Fortress 2"
"736","Strange Festive Bat",9,2458,"$24.58","Team Fortress 2"
"737","Genuine Last Straw",74,62,"$0.62","Team Fortress 2"
"738","Genuine Neon Annihilator",77,24,"$0.24","Team Fortress 2"
"739","Genuine Stahlhelm",272,23,"$0.23","Team Fortress 2"
"740","Genuine Pilotka",268,23,"$0.23","Team Fortress 2"
"741","Genuine Brain Bucket",180,25,"$0.25","Team Fortress 2"
"742","Genuine Dead Cone",191,25,"$0.25","Team Fortress 2"
"743","Genuine Companion Cube Pin",287,18,"$0.18","Team Fortress 2"
"744","Genuine Aperture Labs Hard Hat",137,124,"$1.24","Team Fortress 2"
"745","Genuine Deus Specs",129,97,"$0.97","Team Fortress 2"
"746","Strange Festive Buff Banner",38,408,"$4.08","Team Fortress 2"
"747","Strange Festive Axtinguisher",28,328,"$3.28","Team Fortress 2"
"748","Festive Grenade Launcher",146,62,"$0.62","Team Fortress 2"
"749","The Festive Sandvich",53,130,"$1.30","Team Fortress 2"
"750","The Festive Buff Banner",113,27,"$0.27","Team Fortress 2"
"751","The Festive Ambassador",78,134,"$1.34","Team Fortress 2"
"752","Genuine Killer Exclusive",135,168,"$1.68","Team Fortress 2"
"753","Genuine Nanobalaclava",157,48,"$0.48","Team Fortress 2"
"754","Genuine Three-Rune Blade",108,411,"$4.11","Team Fortress 2"
"755","Gift Wrap",384,25,"$0.25","Team Fortress 2"
"756","Operator's Overalls",70,132,"$1.32","Team Fortress 2"
"757","Drably Olive",109,46,"$0.46","Team Fortress 2"
"758","Strange Part: Heavies Killed",149,98,"$0.98","Team Fortress 2"
"759","Australium Gold",214,109,"$1.09","Team Fortress 2"
"760","Strange Part: Scouts Killed",25,308,"$3.08","Team Fortress 2"
"761","A Distinctive Lack of Hue",82,515,"$5.15","Team Fortress 2"
"762","Backpack Expander",208,106,"$1.06","Team Fortress 2"
"763","Zepheniah's Greed",68,53,"$0.53","Team Fortress 2"
"764","Specialized Killstreak Rocket Launcher",18,243,"$2.43","Team Fortress 2"
"765","Professional Killstreak Ham Shank",1,1147,"$11.47","Team Fortress 2"
"766","Specialized Killstreak Knife",1,374,"$3.74","Team Fortress 2"
"767","Professional Killstreak Jag Kit",9,1702,"$17.02","Team Fortress 2"
"768","Professional Killstreak Ubersaw Kit",14,901,"$9.01","Team Fortress 2"
"769","Strange Australium Axtinguisher",18,2021,"$20.21","Team Fortress 2"
"770","Vintage Specialized Killstreak Escape Plan",11,242,"$2.42","Team Fortress 2"
"771","Strange Specialized Killstreak Frontier Justice",9,214,"$2.14","Team Fortress 2"
"772","Vintage Killstreak Kritzkrieg",25,58,"$0.58","Team Fortress 2"
"773","Strange Killstreak Atomizer",9,100,"$1.00","Team Fortress 2"
"774","Specialized Killstreak Ambassador",11,198,"$1.98","Team Fortress 2"
"775","Strange Professional Killstreak Soda Popper",7,500,"$5.00","Team Fortress 2"
"776","Strange Professional Killstreak Knife",1,2795,"$27.95","Team Fortress 2"
"777","Specialized Killstreak Conscientious Objector",21,264,"$2.64","Team Fortress 2"
"778","Vintage Specialized Killstreak Gunslinger",7,225,"$2.25","Team Fortress 2"
"779","Professional Killstreak Sharp Dresser",12,762,"$7.62","Team Fortress 2"
"780","Strange Specialized Killstreak Flare Gun",13,339,"$3.39","Team Fortress 2"
"781","Strange Specialized Killstreak Silver Botkiller Wrench Mk.II",10,156,"$1.56","Team Fortress 2"
"782","Strange Specialized Killstreak Silver Botkiller Sniper Rifle Mk.II",16,283,"$2.83","Team Fortress 2"
"783","Strange Specialized Killstreak Silver Botkiller Sniper Rifle Mk.I",10,290,"$2.90","Team Fortress 2"
"784","Strange Killstreak Silver Botkiller Stickybomb Launcher Mk.II",13,96,"$0.96","Team Fortress 2"
"785","Festive Jarate",125,54,"$0.54","Team Fortress 2"
"786","Festive Gloves of Running Urgently",113,35,"$0.35","Team Fortress 2"
"787","Killstreak Festive Sniper Rifle",6,236,"$2.36","Team Fortress 2"
"788","Festive Wrangler",130,48,"$0.48","Team Fortress 2"
"789","Strange Festive Flare Gun",29,489,"$4.89","Team Fortress 2"
"790","Strange Festive Wrangler",51,239,"$2.39","Team Fortress 2"
"791","Strange Festive Sapper",14,644,"$6.44","Team Fortress 2"
"792","Festive Sapper",88,110,"$1.10","Team Fortress 2"
"793","Specialized Killstreak Festive Rocket Launcher",3,584,"$5.84","Team Fortress 2"
"794","Strange Killstreak Rust Botkiller Rocket Launcher Mk.I",24,140,"$1.40","Team Fortress 2"
"795","Strange Specialized Killstreak Gold Botkiller Sniper Rifle Mk.II",7,521,"$5.21","Team Fortress 2"
"796","Strange Killstreak Silver Botkiller Scattergun Mk.II",27,151,"$1.51","Team Fortress 2"
"797","Killstreak Festive Rocket Launcher",22,273,"$2.73","Team Fortress 2"
"798","Specialized Killstreak Festive Black Box",17,225,"$2.25","Team Fortress 2"
"799","Strange Specialized Killstreak Silver Botkiller Flame Thrower Mk.II",7,279,"$2.79","Team Fortress 2"
"800","Strange Professional Killstreak Machina",11,3160,"$31.60","Team Fortress 2"
"801","Strange Australium Knife",15,4646,"$46.46","Team Fortress 2"
"802","Professional Killstreak Gloves of Running Urgently",13,97,"$0.97","Team Fortress 2"
"803","Naughty Winter Crate 2013 Series #78",15451,3,"$0.03","Team Fortress 2"
"804","Strange Professional Killstreak Festive Axtinguisher",7,672,"$6.72","Team Fortress 2"
"805","Strange Killstreak Carbonado Botkiller Scattergun Mk.I",12,179,"$1.79","Team Fortress 2"
"806","Strange Specialized Killstreak Australium Knife",3,5015,"$50.15","Team Fortress 2"
"807","Strange Specialized Killstreak Carbonado Botkiller Minigun Mk.I",14,190,"$1.90","Team Fortress 2"
"808","Strange Specialized Killstreak Australium Grenade Launcher",16,3975,"$39.75","Team Fortress 2"
"809","Strange Killstreak Carbonado Botkiller Flame Thrower Mk.I",11,239,"$2.39","Team Fortress 2"
"810","Strange Killstreak Silver Botkiller Minigun Mk.II",18,142,"$1.42","Team Fortress 2"
"811","Killstreak Loose Cannon",107,39,"$0.39","Team Fortress 2"
"812","Killstreak Eviction Notice Kit",34,31,"$0.31","Team Fortress 2"
"813","Killstreak Baby Face's Blaster Kit",179,32,"$0.32","Team Fortress 2"
"814","Strange Killstreak L'Etranger",8,357,"$3.57","Team Fortress 2"
"815","Strange Killstreak Rocket Launcher",132,179,"$1.79","Team Fortress 2"
"816","Killstreak Eureka Effect Kit",36,62,"$0.62","Team Fortress 2"
"817","Strange Killstreak Eyelander",17,221,"$2.21","Team Fortress 2"
"818","Killstreak Detonator Kit",35,51,"$0.51","Team Fortress 2"
"819","Professional Killstreak Rainblower Kit Fabricator",42,15,"$0.15","Team Fortress 2"
"820","Strange Specialized Killstreak Grenade Launcher",29,338,"$3.38","Team Fortress 2"
"821","Strange Killstreak Loch-n-Load",22,105,"$1.05","Team Fortress 2"
"822","Killstreak Huo-Long Heater Kit",174,30,"$0.30","Team Fortress 2"
"823","Strange Blutsauger",140,35,"$0.35","Team Fortress 2"
"824","Strange Killstreak Tomislav",6,283,"$2.83","Team Fortress 2"
"825","Killstreak Spy-cicle Kit",83,37,"$0.37","Team Fortress 2"
"826","Strange Minigun",117,143,"$1.43","Team Fortress 2"
"827","Killstreak Rocket Launcher",84,82,"$0.82","Team Fortress 2"
"828","Strange Killstreak Beggar's Bazooka",27,103,"$1.03","Team Fortress 2"
"829","Specialized Killstreak Minigun Kit",23,416,"$4.16","Team Fortress 2"
"830","Strange Specialized Killstreak Boston Basher",6,300,"$3.00","Team Fortress 2"
"831","Strange SMG",115,29,"$0.29","Team Fortress 2"
"832","Killstreak Degreaser",40,115,"$1.15","Team Fortress 2"
"833","Strange Specialized Killstreak Minigun",11,397,"$3.97","Team Fortress 2"
"834","Strange Eyelander",94,55,"$0.55","Team Fortress 2"
"835","Vintage Killstreak Flare Gun",19,38,"$0.38","Team Fortress 2"
"836","Specialized Killstreak Gunslinger",8,219,"$2.19","Team Fortress 2"
"837","Professional Killstreak Jag Kit Fabricator",11,977,"$9.77","Team Fortress 2"
"838","Strange Force-A-Nature",128,57,"$0.57","Team Fortress 2"
"839","Strange Professional Killstreak Brass Beast",11,622,"$6.22","Team Fortress 2"
"840","Strange Axtinguisher",118,55,"$0.55","Team Fortress 2"
"841","Specialized Killstreak Sharp Dresser",67,304,"$3.04","Team Fortress 2"
"842","Strange Killstreak Crusader's Crossbow",22,337,"$3.37","Team Fortress 2"
"843","Killstreak Vaccinator",83,38,"$0.38","Team Fortress 2"
"844","Killstreak Revolver",155,40,"$0.40","Team Fortress 2"
"845","Killstreak Unarmed Combat",21,52,"$0.52","Team Fortress 2"
"846","Strange Killstreak Flare Gun",21,165,"$1.65","Team Fortress 2"
"847","Killstreak Three-Rune Blade",21,147,"$1.47","Team Fortress 2"
"848","Strange Specialized Killstreak Pomson 6000",7,292,"$2.92","Team Fortress 2"
"849","Killstreak Scattergun",74,89,"$0.89","Team Fortress 2"
"850","Specialized Killstreak Crusader's Crossbow",7,207,"$2.07","Team Fortress 2"
"851","Killstreak Conniver's Kunai",13,124,"$1.24","Team Fortress 2"
"852","Collector's Wrangler",3,1216,"$12.16","Team Fortress 2"
"853","Strange Specialized Killstreak Bat",9,172,"$1.72","Team Fortress 2"
"854","Specialized Killstreak Tomislav",11,291,"$2.91","Team Fortress 2"
"855","Specialized Killstreak Crusader's Crossbow Kit",15,202,"$2.02","Team Fortress 2"
"856","Killstreak Splendid Screen",43,92,"$0.92","Team Fortress 2"
"857","Strange Killstreak Natascha",13,84,"$0.84","Team Fortress 2"
"858","Strange Specialized Killstreak Loch-n-Load",29,133,"$1.33","Team Fortress 2"
"859","Strange Killstreak Knife",11,325,"$3.25","Team Fortress 2"
"860","Killstreak Stickybomb Launcher",31,57,"$0.57","Team Fortress 2"
"861","Professional Killstreak Sniper Rifle Kit Fabricator",4,3075,"$30.75","Team Fortress 2"
"862","Killstreak Short Circuit",10,92,"$0.92","Team Fortress 2"
"863","Killstreak Baby Face's Blaster",145,36,"$0.36","Team Fortress 2"
"864","Strange Killstreak Half-Zatoichi",21,145,"$1.45","Team Fortress 2"
"865","Strange Killstreak Revolver",31,65,"$0.65","Team Fortress 2"
"866","Strange Killstreak Ambassador",45,98,"$0.98","Team Fortress 2"
"867","Strange Killstreak Tribalman's Shiv",31,50,"$0.50","Team Fortress 2"
"868","Killstreak Force-A-Nature",15,73,"$0.73","Team Fortress 2"
"869","Specialized Killstreak Shotgun",9,230,"$2.30","Team Fortress 2"
"870","Killstreak Sharp Dresser",115,290,"$2.90","Team Fortress 2"
"871","Genuine Killstreak Ham Shank",31,69,"$0.69","Team Fortress 2"
"872","Vintage Killstreak Gunslinger",10,165,"$1.65","Team Fortress 2"
"873","Specialized Killstreak Market Gardener Kit",10,187,"$1.87","Team Fortress 2"
"874","Balloonihoodie",23,1441,"$14.41","Team Fortress 2"
"875","Puffy Polar Cap",170,21,"$0.21","Team Fortress 2"
"876","Strange Down Tundra Coat",40,72,"$0.72","Team Fortress 2"
"877","Unusual Puffy Polar Cap",27,2446,"$24.46","Team Fortress 2"
"878","Strange Melody Of Misery",19,86,"$0.86","Team Fortress 2"
"879","Strange Caribou Companion",50,50,"$0.50","Team Fortress 2"
"880","Strange Pocket Yeti",34,31,"$0.31","Team Fortress 2"
"881","Strange Puffy Polar Cap",51,28,"$0.28","Team Fortress 2"
"882","Hazard Warning War Paint (Minimal Wear)",10,77,"$0.77","Team Fortress 2"
"883","Forest Fire Mk.II Shortstop (Factory New)",9,50,"$0.50","Team Fortress 2"
"884","Specialized Killstreak Dragon Slayer Scattergun (Factory New)",2,658,"$6.58","Team Fortress 2"
"885","Bamboo Brushed Panic Attack (Minimal Wear)",4,38,"$0.38","Team Fortress 2"
"886","Strange Nutcracker Mk.II Sniper Rifle (Field-Tested)",7,139,"$1.39","Team Fortress 2"
"887","Dragon Slayer Rocket Launcher (Factory New)",43,196,"$1.96","Team Fortress 2"
"888","Masked Mender Mk.II Shahanshah (Field-Tested)",0,46,"$0.46","Team Fortress 2"
"889","Mannana Peeled Revolver (Field-Tested)",2,25,"$0.25","Team Fortress 2"
"890","Smalltown Bringdown Mk.II Jag (Well-Worn)",14,9,"$0.09","Team Fortress 2"
"891","Night Owl Mk.II Pistol (Field-Tested)",8,21,"$0.21","Team Fortress 2"
"892","Smalltown Bringdown Mk.II Jag (Minimal Wear)",8,23,"$0.23","Team Fortress 2"
"893","Dragon Slayer Scattergun (Factory New)",23,268,"$2.68","Team Fortress 2"
"894","Strange Bomber Soul War Paint (Minimal Wear)",3,699,"$6.99","Team Fortress 2"
"895","Hazard Warning Stickybomb Launcher (Field-Tested)",5,20,"$0.20","Team Fortress 2"
"896","Geometrical Teams War Paint (Minimal Wear)",16,43,"$0.43","Team Fortress 2"
"897","Strange Wild West Whiskers",19,88,"$0.88","Team Fortress 2"
"898","Strange Bomber Soul War Paint (Field-Tested)",2,314,"$3.14","Team Fortress 2"
"899","Strange Festivized Professional Killstreak Sandman",13,318,"$3.18","Team Fortress 2"
"900","Festivized Woodland Warrior Rocket Launcher (Field-Tested)",5,123,"$1.23","Team Fortress 2"
"901","Festivized Specialized Killstreak Spy-cicle",8,248,"$2.48","Team Fortress 2"
"902","Festivized Dragon Slayer Dragon's Fury (Factory New)",8,491,"$4.91","Team Fortress 2"
"903","Strange Festivized Killstreak Spy-cicle",6,411,"$4.11","Team Fortress 2"
"904","Festivized Killstreak Spy-cicle",9,200,"$2.00","Team Fortress 2"
"905","Strange Festivized Blitzkrieg Knife (Minimal Wear)",7,327,"$3.27","Team Fortress 2"
"906","Festivized Coffin Nail Rocket Launcher (Factory New)",4,199,"$1.99","Team Fortress 2"
"907","Festivized Flower Power Shotgun (Minimal Wear)",7,103,"$1.03","Team Fortress 2"
"908","Festivized Dragon Slayer Grenade Launcher (Factory New)",7,376,"$3.76","Team Fortress 2"
"909","Festivized Lightning Rod Shotgun (Field-Tested)",6,92,"$0.92","Team Fortress 2"
"910","Festivized Killstreak Airwolf Sniper Rifle (Field-Tested)",1,204,"$2.04","Team Fortress 2"
"911","Strange Sky High Fly Guy",49,30,"$0.30","Team Fortress 2"
"912","Blizzard Britches",43,161,"$1.61","Team Fortress 2"
"913","Veterans Attire",24,278,"$2.78","Team Fortress 2"
"914","Strange Sinner's Shade",90,30,"$0.30","Team Fortress 2"
"915","Strange Bloom Buffed Knife (Minimal Wear)",1,1725,"$17.25","Team Fortress 2"
"916","Unusual Head Hedge",28,2283,"$22.83","Team Fortress 2"
"917","Punk's Pomp",70,98,"$0.98","Team Fortress 2"
"918","The Cold Case",79,101,"$1.01","Team Fortress 2"
"919","Robin Walkers",32,521,"$5.21","Team Fortress 2"
"920","Unusual Starboard Crusader",7,8675,"$86.75","Team Fortress 2"
"921","Starboard Crusader",63,680,"$6.80","Team Fortress 2"
"922","Strange Festivized Dressed to Kill Shotgun (Field-Tested)",1,261,"$2.61","Team Fortress 2"
"923","Festivized Sandstone Special Pistol (Minimal Wear)",5,110,"$1.10","Team Fortress 2"
"924","Unusual Taunt: Surgeon's Squeezebox",12,2760,"$27.60","Team Fortress 2"
"925","Festivized Dressed to Kill Knife (Well-Worn)",6,111,"$1.11","Team Fortress 2"
"926","Strange Festivized Professional Killstreak Australium Stickybomb Launcher",2,6193,"$61.93","Team Fortress 2"
"927","Festivized Coffin Nail Rocket Launcher (Minimal Wear)",8,89,"$0.89","Team Fortress 2"
"928","Unusual Taunt: Luxury Lounge",11,2466,"$24.66","Team Fortress 2"
"929","Strange Festivized Killstreak Nutcracker Scattergun (Battle Scarred)",0,365,"$3.65","Team Fortress 2"
"930","Festivized Coffin Nail Shotgun (Battle Scarred)",0,96,"$0.96","Team Fortress 2"
"931","Specialized Killstreak Hot Hand Kit",8,290,"$2.90","Team Fortress 2"
"932","Polar Surprise Rescue Ranger (Factory New)",0,50,"$0.50","Team Fortress 2"
"933","Killstreak Nutcracker Mk.II Shotgun (Field-Tested)",0,1589,"$15.89","Team Fortress 2"
"934","Unusual Cabin Fevered Knife (Minimal Wear)",1,5549,"$55.49","Team Fortress 2"
"935","Festivized Killstreak Shahanshah",1,222,"$2.22","Team Fortress 2"
"936","Festivized Civil Servant Mk.II Bazaar Bargain (Minimal Wear)",1,39,"$0.39","Team Fortress 2"
"937","Geometrical Teams Soda Popper (Factory New)",0,12,"$0.12","Team Fortress 2"
"938","Jazzy Scattergun (Minimal Wear)",0,920,"$9.20","Team Fortress 2"
"939","Unusual Festivized King of the Jungle Minigun (Field-Tested)",1,4830,"$48.30","Team Fortress 2"
"940","Festivized Killstreak Corsair Scattergun (Battle Scarred)",0,219,"$2.19","Team Fortress 2"
"941","Strange Festivized Professional Killstreak Wrench",2,3976,"$39.76","Team Fortress 2"
"942","Strange Festivized Killstreak Australium Wrench",1,6217,"$62.17","Team Fortress 2"
"943","Unusual Taunt: The Skating Scorcher",12,3254,"$32.54","Team Fortress 2"
"944","Unusual Taunt: The Bunnyhopper",17,1983,"$19.83","Team Fortress 2"
"945","Strange Festivized Specialized Killstreak Iron Bomber",4,1177,"$11.77","Team Fortress 2"
"946","Strange Festivized Rescue Ranger",7,420,"$4.20","Team Fortress 2"
"947","Strange Festivized Specialized Killstreak Australium Minigun",4,5003,"$50.03","Team Fortress 2"
"948","Strange Festivized Killstreak Medi Gun",4,831,"$8.31","Team Fortress 2"
"949","Festivized Blitzkrieg Stickybomb Launcher (Minimal Wear)",3,119,"$1.19","Team Fortress 2"
"950","Festivized Nutcracker Scattergun (Field-Tested)",4,130,"$1.30","Team Fortress 2"
"951","Festivized Aqua Marine Rocket Launcher (Field-Tested)",9,87,"$0.87","Team Fortress 2"
"952","Festivized Spark of Life Medi Gun (Factory New)",13,200,"$2.00","Team Fortress 2"
"953","Festivized King of the Jungle Minigun (Factory New)",3,110,"$1.10","Team Fortress 2"
"954","Festivized Dragon Slayer Rocket Launcher (Factory New)",8,359,"$3.59","Team Fortress 2"
"955","Festivized Professional Killstreak Sniper Rifle",11,1389,"$13.89","Team Fortress 2"
"956","Festivized Specialized Killstreak Minigun",1,272,"$2.72","Team Fortress 2"
"957","Festivized Brain Candy Pistol (Factory New)",7,198,"$1.98","Team Fortress 2"
"958","Festivized Dressed to Kill Shotgun (Field-Tested)",5,138,"$1.38","Team Fortress 2"
"959","Unusual Taunt: The Skating Scorcher Unusualifier",8,2785,"$27.85","Team Fortress 2"
"960","Festivized Killstreak Night Terror Scattergun (Field-Tested)",6,165,"$1.65","Team Fortress 2"
"961","Festivized Shot in the Dark Sniper Rifle (Field-Tested)",7,99,"$0.99","Team Fortress 2"
"962","Cabin Fevered Bazaar Bargain (Minimal Wear)",2,163,"$1.63","Team Fortress 2"
"963","Unusual Burning Question",7,5558,"$55.58","Team Fortress 2"
"964","Unusual Sky High Fly Guy",35,2150,"$21.50","Team Fortress 2"
"965","Unusual Frag Proof Fragger",10,6997,"$69.97","Team Fortress 2"
"966","Strange Starboard Crusader",17,1203,"$12.03","Team Fortress 2"
"967","Strange Frag Proof Fragger",12,295,"$2.95","Team Fortress 2"
"968","Strange Punk's Pomp",18,225,"$2.25","Team Fortress 2"
"969","Strange Veterans Attire",14,649,"$6.49","Team Fortress 2"
"970","Unusual Punk's Pomp",6,8376,"$83.76","Team Fortress 2"
"971","Killstreak Hot Hand Kit",12,111,"$1.11","Team Fortress 2"
"972","Specialized Killstreak Dragon's Fury Kit Fabricator",20,120,"$1.20","Team Fortress 2"
"973","Killstreak Dragon's Fury Kit",12,152,"$1.52","Team Fortress 2"
"974","Strange Hot Case",31,180,"$1.80","Team Fortress 2"
"975","Strange Burning Question",13,195,"$1.95","Team Fortress 2"
"976","Strange Wipe Out Wraps",18,133,"$1.33","Team Fortress 2"
"977","Strange Antarctic Eyewear",13,75,"$0.75","Team Fortress 2"
"978","The Frag Proof Fragger",73,118,"$1.18","Team Fortress 2"
"979","Strange Tsar Platinum",29,247,"$2.47","Team Fortress 2"
"980","Festivized Night Owl Sniper Rifle (Factory New)",14,145,"$1.45","Team Fortress 2"
"981","Festivized Flower Power Medi Gun (Factory New)",6,170,"$1.70","Team Fortress 2"
"982","Festivized Killstreak Autumn Rocket Launcher (Minimal Wear)",1,1000,"$10.00","Team Fortress 2"
"983","Festivized Shot to Hell Scattergun (Field-Tested)",13,110,"$1.10","Team Fortress 2"
"984","Festivized Killstreak Woodland Warrior Rocket Launcher (Field-Tested)",1,216,"$2.16","Team Fortress 2"
"985","Festivized King of the Jungle Minigun (Field-Tested)",8,70,"$0.70","Team Fortress 2"
"986","Festivized Woodland Warrior Rocket Launcher (Factory New)",11,245,"$2.45","Team Fortress 2"
"987","Festivized Killstreak Kritzkrieg",6,273,"$2.73","Team Fortress 2"
"988","Festivized High Roller's Rocket Launcher (Field-Tested)",8,100,"$1.00","Team Fortress 2"
"989","Festivized Specialized Killstreak Flash Fryer Flame Thrower (Factory New)",3,920,"$9.20","Team Fortress 2"
"990","Strange Festivized Professional Killstreak Spy-cicle",13,774,"$7.74","Team Fortress 2"
"991","Strange Festivized Professional Killstreak Scottish Resistance",12,498,"$4.98","Team Fortress 2"
"992","Strange Festivized Specialized Killstreak Grenade Launcher",7,1106,"$11.06","Team Fortress 2"
"993","Strange Festivized Specialized Killstreak Rocket Launcher",5,676,"$6.76","Team Fortress 2"
"994","Strange Festivized Professional Killstreak Australium Scattergun",8,9742,"$97.42","Team Fortress 2"
"995","Strange Festivized Professional Killstreak Australium Rocket Launcher",6,12496,"$124.96","Team Fortress 2"
"996","Strange Festivized Sandman",24,133,"$1.33","Team Fortress 2"
"997","Strange Festivized Specialized Killstreak Australium Sniper Rifle",4,6878,"$68.78","Team Fortress 2"
"998","Strange Festivized Specialized Killstreak Knife",5,724,"$7.24","Team Fortress 2"
"999","Festivized Flash Fryer Flame Thrower (Minimal Wear)",8,164,"$1.64","Team Fortress 2"
"1000","Festivized Stabbed to Hell Knife (Minimal Wear)",9,185,"$1.85","Team Fortress 2"
